<?xml version="1.0"?>

<config xmlns:xsi="http://www.w3.org/2001/XMLSchema-instance" xsi:noNamespaceSchemaLocation="urn:magento:framework:ObjectManager/etc/config.xsd">
	<virtualType name="LRCountdownTimerGridFilterPool" type="Magento\Framework\View\Element\UiComponent\DataProvider\FilterPool">
		<arguments>
			<argument name="appliers" xsi:type="array">
				<item name="regular" xsi:type="object">Magento\Framework\View\Element\UiComponent\DataProvider\RegularFilter</item>
				<item name="fulltext" xsi:type="object">Magento\Framework\View\Element\UiComponent\DataProvider\FulltextFilter</item>
			</argument>
		</arguments>
	</virtualType>
	<virtualType name="LRCountdownTimerGridDataProvider" type="Magento\Framework\View\Element\UiComponent\DataProvider\DataProvider">
		<arguments>
			<argument name="collection" xsi:type="object" shared="false">LR\CountdownTimer\Model\ResourceModel\CountdownTimer\Collection</argument>
			<argument name="filterPool" xsi:type="object" shared="false">LRCountdownTimerGridFilterPool</argument>
		</arguments>
	</virtualType>
	<virtualType name="LR\CountdownTimer\Model\ResourceModel\CountdownTimer\Grid\Collection" type="Magento\Framework\View\Element\UiComponent\DataProvider\SearchResult">
		<arguments>
			<argument name="mainTable" xsi:type="string">lr_countdowntimer</argument>
			<argument name="resourceModel" xsi:type="string">LR\CountdownTimer\Model\ResourceModel\CountdownTimer</argument>
		</arguments>
	</virtualType>

	<virtualType name="LRCountdownTimerDeliveryGridFilterPool" type="Magento\Framework\View\Element\UiComponent\DataProvider\FilterPool">
		<arguments>
			<argument name="appliers" xsi:type="array">
				<item name="regular" xsi:type="object">Magento\Framework\View\Element\UiComponent\DataProvider\RegularFilter</item>
				<item name="fulltext" xsi:type="object">Magento\Framework\View\Element\UiComponent\DataProvider\FulltextFilter</item>
			</argument>
		</arguments>
	</virtualType>
	<virtualType name="LRCountdownTimerDeliveryGridDataProvider" type="Magento\Framework\View\Element\UiComponent\DataProvider\DataProvider">
		<arguments>
			<argument name="collection" xsi:type="object" shared="false">LR\CountdownTimer\Model\ResourceModel\Delivery\Collection</argument>
			<argument name="filterPool" xsi:type="object" shared="false">LRCountdownTimerDeliveryGridFilterPool</argument>
		</arguments>
	</virtualType>
	<virtualType name="LR\CountdownTimer\Model\ResourceModel\Delivery\Grid\Collection" type="Magento\Framework\View\Element\UiComponent\DataProvider\SearchResult">
		<arguments>
			<argument name="mainTable" xsi:type="string">lr_delivery</argument>
			<argument name="resourceModel" xsi:type="string">LR\CountdownTimer\Model\ResourceModel\Delivery</argument>
		</arguments>
	</virtualType>
	<type name="Magento\Framework\View\Element\UiComponent\DataProvider\CollectionFactory">
		<arguments>
			<argument name="collections" xsi:type="array">
				<item name="lr_countdowntimer_index_listing_data_source" xsi:type="string">LR\CountdownTimer\Model\ResourceModel\CountdownTimer\Grid\Collection</item>
				<item name="lr_countdowntimer_delivery_index_listing_data_source" xsi:type="string">LR\CountdownTimer\Model\ResourceModel\Delivery\Grid\Collection</item>
			</argument>
		</arguments>
	</type>
</config>