<?xml version="1.0"?>
<!--
/**
 * Copyright © 2021 Magenest. All rights reserved.
 */
-->
<config xmlns:xsi="http://www.w3.org/2001/XMLSchema-instance" xsi:noNamespaceSchemaLocation="urn:magento:framework:Acl/etc/acl.xsd">
    <acl>
        <resources>
            <resource id="Magento_Backend::admin">
                <resource id="Magenest_Barclaycard::barclaycard" title="Magenest Barclaycard Payment">
                    <resource id="Magenest_Barclaycard::settings" title="Barclaycard Settings" sortOrder="30"/>
                </resource>
            </resource>
        </resources>
    </acl>
</config>